<configuration>

    <property name="HOME_LOG" value="logs/app.log"/>

    <appender name="CONSOLE" class="ch.qos.logback.core.ConsoleAppender">
        <layout class="ch.qos.logback.classic.PatternLayout">
            <Pattern>
                %d{HH:mm:ss.SSS} [%t] %-5level %logger{36} - %msg%n
            </Pattern>
        </layout>
    </appender>

    <appender name="FILE" class="ch.qos.logback.core.FileAppender">
        <file>${HOME_LOG}</file>
        <append>true</append>
        <immediateFlush>true</immediateFlush>
        <encoder>
            <pattern>%d %p %c{1.} [%t] %m%n</pattern>
        </encoder>
    </appender>
	<logger name="chapters.configuration" level="INFO" >
		        <appender-ref ref="CONSOLE"/>
		        <appender-ref ref="FILE"/>
    </logger>


    <logger name="com.boa" level="debug" additivity="false">
        <appender-ref ref="CONSOLE"/>
        <appender-ref ref="FILE"/>
    </logger>

    <root level="error">
        <appender-ref ref="CONSOLE"/>
    </root>

</configuration>